site_id,pdb_id,n_atoms
1bgg_clean_site0000,1bgg_clean,9
1bgg_clean_site0001,1bgg_clean,14
1bgg_clean_site0002,1bgg_clean,21
1bgg_clean_site0003,1bgg_clean,14
1bgg_clean_site0004,1bgg_clean,15
1bgg_clean_site0005,1bgg_clean,10
1bgg_clean_site0006,1bgg_clean,12
1bgg_clean_site0007,1bgg_clean,14
1bgg_clean_site0008,1bgg_clean,21
1bgg_clean_site0009,1bgg_clean,15
1bgg_clean_site0010,1bgg_clean,10
1bgg_clean_site0011,1bgg_clean,14
1bgg_clean_site0012,1bgg_clean,23
1bgg_clean_site0013,1bgg_clean,15
1bgg_clean_site0014,1bgg_clean,10
1bgg_clean_site0015,1bgg_clean,13
1bgg_clean_site0016,1bgg_clean,14
1bgg_clean_site0017,1bgg_clean,22
1bgg_clean_site0018,1bgg_clean,15
1bgg_clean_site0019,1bgg_clean,10
2vy0_clean_site0000,2vy0_clean,29
2vy0_clean_site0001,2vy0_clean,32
2vy0_clean_site0002,2vy0_clean,22
2vy0_clean_site0003,2vy0_clean,24
2vy0_clean_site0004,2vy0_clean,57
2vy0_clean_site0005,2vy0_clean,11
2vy0_clean_site0006,2vy0_clean,28
2vy0_clean_site0007,2vy0_clean,35
3apg_clean_site0000,3apg_clean,33
3apg_clean_site0001,3apg_clean,10
3apg_clean_site0002,3apg_clean,13
3apg_clean_site0003,3apg_clean,16
3apg_clean_site0004,3apg_clean,18
3apg_clean_site0005,3apg_clean,21
3apg_clean_site0006,3apg_clean,9
3apg_clean_site0007,3apg_clean,46
3apg_clean_site0008,3apg_clean,11
3apg_clean_site0009,3apg_clean,39
3apg_clean_site0010,3apg_clean,18
3apg_clean_site0011,3apg_clean,21
3apg_clean_site0012,3apg_clean,52
3apg_clean_site0013,3apg_clean,10
3apg_clean_site0014,3apg_clean,18
3apg_clean_site0015,3apg_clean,20
3apg_clean_site0016,3apg_clean,52
3apg_clean_site0017,3apg_clean,11
3apg_clean_site0018,3apg_clean,38
3apg_clean_site0019,3apg_clean,17
3apg_clean_site0020,3apg_clean,21
3wq8_clean_site0000,3wq8_clean,28
3wq8_clean_site0001,3wq8_clean,13
3wq8_clean_site0002,3wq8_clean,40
3wq8_clean_site0003,3wq8_clean,23
3wq8_clean_site0004,3wq8_clean,26
6t13_monomer_clean_site0000,6t13_monomer_clean,31
6t13_monomer_clean_site0001,6t13_monomer_clean,19
6t13_monomer_clean_site0002,6t13_monomer_clean,20
6t13_monomer_clean_site0003,6t13_monomer_clean,36
6t13_monomer_clean_site0004,6t13_monomer_clean,60
6t13_monomer_clean_site0005,6t13_monomer_clean,28
6t13_monomer_clean_site0006,6t13_monomer_clean,48
6t13_monomer_clean_site0007,6t13_monomer_clean,6
6t13_monomer_clean_site0008,6t13_monomer_clean,22
6t13_monomer_clean_site0009,6t13_monomer_clean,13
6t13_monomer_clean_site0010,6t13_monomer_clean,15
a0a0h4nxh8_clean_site0000,a0a0h4nxh8_clean,31
a0a0h4nxh8_clean_site0001,a0a0h4nxh8_clean,17
